Layer,Layer_Num,Accuracy,Std_Accuracy,Weighted_F1,Dataset
CNN,0,0.6198,0.0092,0.5965,MSP-Podcast
Layer 1,1,0.6166,0.0082,0.6058,MSP-Podcast
Layer 2,2,0.6009,0.0046,0.5936,MSP-Podcast
Layer 3,3,0.6061,0.0016,0.6014,MSP-Podcast
Layer 4,4,0.6014,0.0054,0.5982,MSP-Podcast
Layer 5,5,0.5988,0.0032,0.5955,MSP-Podcast
Layer 6,6,0.6037,0.0136,0.6011,MSP-Podcast
Layer 7,7,0.6055,0.0054,0.6029,MSP-Podcast
Layer 8,8,0.6053,0.0051,0.6028,MSP-Podcast
Layer 9,9,0.6057,0.0087,0.6041,MSP-Podcast
Layer 10,10,0.6078,0.0026,0.6055,MSP-Podcast
Layer 11,11,0.6085,0.0073,0.6067,MSP-Podcast
Layer 12,12,0.6107,0.0052,0.6085,MSP-Podcast
Layer 13,13,0.6141,0.0129,0.6124,MSP-Podcast
Layer 14,14,0.6137,0.0148,0.612,MSP-Podcast
Layer 15,15,0.615,0.0059,0.6141,MSP-Podcast
Layer 16,16,0.6172,0.0051,0.617,MSP-Podcast
Layer 17,17,0.6267,0.0094,0.627,MSP-Podcast
Layer 18,18,0.6255,0.0052,0.6258,MSP-Podcast
Layer 19,19,0.6222,0.0107,0.6226,MSP-Podcast
Layer 20,20,0.6232,0.0101,0.6239,MSP-Podcast
Layer 21,21,0.6175,0.0057,0.6181,MSP-Podcast
Layer 22,22,0.6298,0.0073,0.6286,MSP-Podcast
Layer 23,23,0.6149,0.0042,0.6139,MSP-Podcast
Layer 24,24,0.6135,0.0087,0.6123,MSP-Podcast
CNN,0,0.8592,0.0172,0.8596,RAVDESS
Layer 1,1,0.9296,0.0149,0.9296,RAVDESS
Layer 2,2,0.9335,0.01,0.9335,RAVDESS
Layer 3,3,0.9499,0.0091,0.9502,RAVDESS
Layer 4,4,0.9529,0.0129,0.9529,RAVDESS
Layer 5,5,0.9542,0.0139,0.9542,RAVDESS
Layer 6,6,0.9607,0.0112,0.9608,RAVDESS
Layer 7,7,0.9616,0.0099,0.9616,RAVDESS
Layer 8,8,0.9603,0.0093,0.9603,RAVDESS
Layer 9,9,0.9663,0.0113,0.9663,RAVDESS
Layer 10,10,0.9702,0.0044,0.9702,RAVDESS
Layer 11,11,0.9663,0.0062,0.9664,RAVDESS
Layer 12,12,0.9698,0.0088,0.9699,RAVDESS
Layer 13,13,0.9693,0.0105,0.9694,RAVDESS
Layer 14,14,0.9672,0.0126,0.9673,RAVDESS
Layer 15,15,0.9672,0.0141,0.9673,RAVDESS
Layer 16,16,0.9655,0.0133,0.9656,RAVDESS
Layer 17,17,0.962,0.0129,0.9621,RAVDESS
Layer 18,18,0.9559,0.0137,0.9561,RAVDESS
Layer 19,19,0.962,0.0082,0.962,RAVDESS
Layer 20,20,0.9568,0.0134,0.9569,RAVDESS
Layer 21,21,0.9555,0.0082,0.9556,RAVDESS
Layer 22,22,0.956,0.0112,0.956,RAVDESS
Layer 23,23,0.9482,0.0113,0.9481,RAVDESS
Layer 24,24,0.946,0.0147,0.9462,RAVDESS
CNN,0,0.8129,0.0086,0.8129,AESDD
Layer 1,1,0.8626,0.0185,0.8623,AESDD
Layer 2,2,0.8758,0.012,0.8755,AESDD
Layer 3,3,0.899,0.013,0.8989,AESDD
Layer 4,4,0.9189,0.0034,0.9185,AESDD
Layer 5,5,0.9255,0.0158,0.9253,AESDD
Layer 6,6,0.9454,0.0154,0.9451,AESDD
Layer 7,7,0.947,0.0186,0.9468,AESDD
Layer 8,8,0.9404,0.016,0.9398,AESDD
Layer 9,9,0.9504,0.0173,0.9502,AESDD
Layer 10,10,0.9421,0.0215,0.9417,AESDD
Layer 11,11,0.9421,0.0117,0.9417,AESDD
Layer 12,12,0.9338,0.0173,0.9335,AESDD
Layer 13,13,0.9222,0.0219,0.9216,AESDD
Layer 14,14,0.9321,0.0252,0.9317,AESDD
Layer 15,15,0.9255,0.025,0.9254,AESDD
Layer 16,16,0.9239,0.0247,0.9237,AESDD
Layer 17,17,0.909,0.0321,0.9089,AESDD
Layer 18,18,0.914,0.0298,0.9139,AESDD
Layer 19,19,0.9023,0.0273,0.9026,AESDD
Layer 20,20,0.9073,0.0225,0.9072,AESDD
Layer 21,21,0.9056,0.0219,0.906,AESDD
Layer 22,22,0.8874,0.0299,0.887,AESDD
Layer 23,23,0.8874,0.0111,0.8868,AESDD
Layer 24,24,0.8891,0.0153,0.8881,AESDD
CNN,0,0.6544,0.0111,0.6537,IEMOCAP
Layer 1,1,0.6667,0.0103,0.6665,IEMOCAP
Layer 2,2,0.6826,0.0131,0.6824,IEMOCAP
Layer 3,3,0.6742,0.0151,0.6741,IEMOCAP
Layer 4,4,0.6634,0.0246,0.6632,IEMOCAP
Layer 5,5,0.6687,0.0129,0.6685,IEMOCAP
Layer 6,6,0.6725,0.0153,0.6726,IEMOCAP
Layer 7,7,0.6679,0.0176,0.6682,IEMOCAP
Layer 8,8,0.6764,0.0141,0.6767,IEMOCAP
Layer 9,9,0.6819,0.015,0.6819,IEMOCAP
Layer 10,10,0.685,0.0216,0.6848,IEMOCAP
Layer 11,11,0.6832,0.014,0.6831,IEMOCAP
Layer 12,12,0.6822,0.0168,0.6822,IEMOCAP
Layer 13,13,0.6848,0.0135,0.6848,IEMOCAP
Layer 14,14,0.683,0.0051,0.683,IEMOCAP
Layer 15,15,0.6804,0.0037,0.6805,IEMOCAP
Layer 16,16,0.6852,0.0131,0.685,IEMOCAP
Layer 17,17,0.6855,0.017,0.6856,IEMOCAP
Layer 18,18,0.68,0.0148,0.6799,IEMOCAP
Layer 19,19,0.6839,0.0077,0.6837,IEMOCAP
Layer 20,20,0.6745,0.0079,0.6744,IEMOCAP
Layer 21,21,0.6852,0.015,0.6851,IEMOCAP
Layer 22,22,0.689,0.0065,0.6893,IEMOCAP
Layer 23,23,0.6734,0.0215,0.6735,IEMOCAP
Layer 24,24,0.6658,0.0171,0.6659,IEMOCAP
CNN,0,0.7796,0.0302,0.7783,MESD
Layer 1,1,0.8631,0.0267,0.8633,MESD
Layer 2,2,0.8979,0.0081,0.8975,MESD
Layer 3,3,0.8921,0.0048,0.8915,MESD
Layer 4,4,0.8956,0.016,0.8954,MESD
Layer 5,5,0.9107,0.0199,0.9104,MESD
Layer 6,6,0.9096,0.0208,0.9094,MESD
Layer 7,7,0.9246,0.0131,0.9245,MESD
Layer 8,8,0.9154,0.0172,0.9148,MESD
Layer 9,9,0.8991,0.0076,0.899,MESD
Layer 10,10,0.8829,0.0252,0.8822,MESD
Layer 11,11,0.8817,0.0163,0.8808,MESD
Layer 12,12,0.8666,0.0264,0.8655,MESD
Layer 13,13,0.8411,0.0274,0.84,MESD
Layer 14,14,0.8144,0.0233,0.813,MESD
Layer 15,15,0.8051,0.0302,0.8044,MESD
Layer 16,16,0.804,0.0245,0.8035,MESD
Layer 17,17,0.7982,0.0159,0.7977,MESD
Layer 18,18,0.797,0.0115,0.7961,MESD
Layer 19,19,0.7936,0.0342,0.7925,MESD
Layer 20,20,0.7749,0.0199,0.7752,MESD
Layer 21,21,0.7715,0.0265,0.7703,MESD
Layer 22,22,0.7622,0.0269,0.7611,MESD
Layer 23,23,0.739,0.0333,0.7379,MESD
Layer 24,24,0.7297,0.0137,0.7291,MESD
CNN,0,0.75,0.0147,0.7476,SAVEE
Layer 1,1,0.8,0.0332,0.798,SAVEE
Layer 2,2,0.8417,0.0212,0.8413,SAVEE
Layer 3,3,0.8458,0.0167,0.8453,SAVEE
Layer 4,4,0.8542,0.0401,0.8526,SAVEE
Layer 5,5,0.8604,0.0204,0.8583,SAVEE
Layer 6,6,0.8875,0.0179,0.8868,SAVEE
Layer 7,7,0.875,0.0287,0.8746,SAVEE
Layer 8,8,0.8771,0.0283,0.8764,SAVEE
Layer 9,9,0.8667,0.0212,0.866,SAVEE
Layer 10,10,0.8542,0.0066,0.8541,SAVEE
Layer 11,11,0.8438,0.0208,0.843,SAVEE
Layer 12,12,0.8312,0.0275,0.8305,SAVEE
Layer 13,13,0.8438,0.0238,0.8435,SAVEE
Layer 14,14,0.8417,0.029,0.8425,SAVEE
Layer 15,15,0.8521,0.0305,0.8529,SAVEE
Layer 16,16,0.8583,0.0182,0.8586,SAVEE
Layer 17,17,0.8833,0.0121,0.8832,SAVEE
Layer 18,18,0.8667,0.0167,0.8669,SAVEE
Layer 19,19,0.8667,0.0138,0.8662,SAVEE
Layer 20,20,0.8458,0.0191,0.8468,SAVEE
Layer 21,21,0.8458,0.0153,0.8458,SAVEE
Layer 22,22,0.8292,0.0252,0.8267,SAVEE
Layer 23,23,0.8083,0.0268,0.8086,SAVEE
Layer 24,24,0.8188,0.0169,0.8189,SAVEE
CNN,0,0.8897,0.0546,0.8884,EmoDB
Layer 1,1,0.9458,0.0331,0.9455,EmoDB
Layer 2,2,0.9626,0.0244,0.9624,EmoDB
Layer 3,3,0.9738,0.0137,0.9737,EmoDB
Layer 4,4,0.9757,0.0173,0.9756,EmoDB
Layer 5,5,0.9794,0.0092,0.9793,EmoDB
Layer 6,6,0.9813,0.0177,0.9812,EmoDB
Layer 7,7,0.9813,0.0156,0.9812,EmoDB
Layer 8,8,0.9869,0.0127,0.9869,EmoDB
Layer 9,9,0.9794,0.0137,0.9795,EmoDB
Layer 10,10,0.985,0.0127,0.9849,EmoDB
Layer 11,11,0.9776,0.0075,0.9776,EmoDB
Layer 12,12,0.9776,0.0095,0.9774,EmoDB
Layer 13,13,0.9701,0.007,0.97,EmoDB
Layer 14,14,0.9682,0.0127,0.968,EmoDB
Layer 15,15,0.9664,0.0163,0.9663,EmoDB
Layer 16,16,0.9589,0.0226,0.9588,EmoDB
Layer 17,17,0.9645,0.0124,0.9643,EmoDB
Layer 18,18,0.9701,0.015,0.9699,EmoDB
Layer 19,19,0.9682,0.0248,0.9679,EmoDB
Layer 20,20,0.9664,0.0152,0.9661,EmoDB
Layer 21,21,0.9589,0.0095,0.9586,EmoDB
Layer 22,22,0.957,0.0183,0.9566,EmoDB
Layer 23,23,0.9477,0.0127,0.9471,EmoDB
Layer 24,24,0.9477,0.0163,0.947,EmoDB
