Layer,Layer_Num,Accuracy,Std_Accuracy,Weighted_F1,split,n_samples,model,test_lang,n_train,n_test
CNN,0,0.8291,0.0149,0.8293,pooled,3980.0,Whisper,,,
Layer 1,1,0.8736,0.0062,0.8729,pooled,3980.0,Whisper,,,
Layer 2,2,0.8882,0.0071,0.8873,pooled,3980.0,Whisper,,,
Layer 3,3,0.9055,0.0119,0.9054,pooled,3980.0,Whisper,,,
Layer 4,4,0.9123,0.0065,0.912,pooled,3980.0,Whisper,,,
Layer 5,5,0.9229,0.0056,0.9228,pooled,3980.0,Whisper,,,
Layer 6,6,0.9291,0.0073,0.929,pooled,3980.0,Whisper,,,
Layer 7,7,0.9322,0.0057,0.9319,pooled,3980.0,Whisper,,,
Layer 8,8,0.9387,0.0079,0.9386,pooled,3980.0,Whisper,,,
Layer 9,9,0.9392,0.0095,0.9391,pooled,3980.0,Whisper,,,
Layer 10,10,0.9485,0.0089,0.9484,pooled,3980.0,Whisper,,,
Layer 11,11,0.9412,0.0109,0.9412,pooled,3980.0,Whisper,,,
Layer 12,12,0.9399,0.0098,0.9399,pooled,3980.0,Whisper,,,
Layer 13,13,0.9387,0.0115,0.9386,pooled,3980.0,Whisper,,,
Layer 14,14,0.9274,0.0163,0.9271,pooled,3980.0,Whisper,,,
Layer 15,15,0.9322,0.0155,0.9319,pooled,3980.0,Whisper,,,
Layer 16,16,0.9296,0.0086,0.9294,pooled,3980.0,Whisper,,,
Layer 17,17,0.9302,0.0078,0.93,pooled,3980.0,Whisper,,,
Layer 18,18,0.9344,0.0098,0.9343,pooled,3980.0,Whisper,,,
Layer 19,19,0.9314,0.0064,0.9312,pooled,3980.0,Whisper,,,
Layer 20,20,0.9279,0.0094,0.9277,pooled,3980.0,Whisper,,,
Layer 21,21,0.9231,0.0107,0.9229,pooled,3980.0,Whisper,,,
Layer 22,22,0.9241,0.0058,0.9238,pooled,3980.0,Whisper,,,
Layer 23,23,0.9216,0.006,0.9214,pooled,3980.0,Whisper,,,
Layer 24,24,0.9246,0.0052,0.9243,pooled,3980.0,Whisper,,,
CNN,0,0.5471,,0.4976,LOLO_English,,Whisper,English,1434.0,2546.0
Layer 1,1,0.6257,,0.5702,LOLO_English,,Whisper,English,1434.0,2546.0
Layer 2,2,0.4529,,0.4732,LOLO_English,,Whisper,English,1434.0,2546.0
Layer 3,3,0.6524,,0.6469,LOLO_English,,Whisper,English,1434.0,2546.0
Layer 4,4,0.6858,,0.6665,LOLO_English,,Whisper,English,1434.0,2546.0
Layer 5,5,0.6064,,0.6129,LOLO_English,,Whisper,English,1434.0,2546.0
Layer 6,6,0.3833,,0.3865,LOLO_English,,Whisper,English,1434.0,2546.0
Layer 7,7,0.5621,,0.5849,LOLO_English,,Whisper,English,1434.0,2546.0
Layer 8,8,0.4195,,0.4421,LOLO_English,,Whisper,English,1434.0,2546.0
Layer 9,9,0.5605,,0.5885,LOLO_English,,Whisper,English,1434.0,2546.0
Layer 10,10,0.454,,0.4616,LOLO_English,,Whisper,English,1434.0,2546.0
Layer 11,11,0.6681,,0.6798,LOLO_English,,Whisper,English,1434.0,2546.0
Layer 12,12,0.5204,,0.5317,LOLO_English,,Whisper,English,1434.0,2546.0
Layer 13,13,0.5825,,0.5961,LOLO_English,,Whisper,English,1434.0,2546.0
Layer 14,14,0.4823,,0.5047,LOLO_English,,Whisper,English,1434.0,2546.0
Layer 15,15,0.4403,,0.4266,LOLO_English,,Whisper,English,1434.0,2546.0
Layer 16,16,0.5408,,0.5576,LOLO_English,,Whisper,English,1434.0,2546.0
Layer 17,17,0.729,,0.7314,LOLO_English,,Whisper,English,1434.0,2546.0
Layer 18,18,0.696,,0.6969,LOLO_English,,Whisper,English,1434.0,2546.0
Layer 19,19,0.6288,,0.6371,LOLO_English,,Whisper,English,1434.0,2546.0
Layer 20,20,0.6143,,0.6316,LOLO_English,,Whisper,English,1434.0,2546.0
Layer 21,21,0.443,,0.4497,LOLO_English,,Whisper,English,1434.0,2546.0
Layer 22,22,0.5758,,0.5818,LOLO_English,,Whisper,English,1434.0,2546.0
Layer 23,23,0.6253,,0.626,LOLO_English,,Whisper,English,1434.0,2546.0
Layer 24,24,0.6563,,0.6471,LOLO_English,,Whisper,English,1434.0,2546.0
CNN,0,0.6827,,0.668,LOLO_German,,Whisper,German,3605.0,375.0
Layer 1,1,0.7467,,0.7043,LOLO_German,,Whisper,German,3605.0,375.0
Layer 2,2,0.7627,,0.7344,LOLO_German,,Whisper,German,3605.0,375.0
Layer 3,3,0.8267,,0.8212,LOLO_German,,Whisper,German,3605.0,375.0
Layer 4,4,0.8667,,0.8557,LOLO_German,,Whisper,German,3605.0,375.0
Layer 5,5,0.904,,0.8985,LOLO_German,,Whisper,German,3605.0,375.0
Layer 6,6,0.8933,,0.8852,LOLO_German,,Whisper,German,3605.0,375.0
Layer 7,7,0.8907,,0.8913,LOLO_German,,Whisper,German,3605.0,375.0
Layer 8,8,0.9067,,0.9034,LOLO_German,,Whisper,German,3605.0,375.0
Layer 9,9,0.8693,,0.8724,LOLO_German,,Whisper,German,3605.0,375.0
Layer 10,10,0.9333,,0.9334,LOLO_German,,Whisper,German,3605.0,375.0
Layer 11,11,0.936,,0.9379,LOLO_German,,Whisper,German,3605.0,375.0
Layer 12,12,0.696,,0.7086,LOLO_German,,Whisper,German,3605.0,375.0
Layer 13,13,0.6053,,0.6067,LOLO_German,,Whisper,German,3605.0,375.0
Layer 14,14,0.6693,,0.6828,LOLO_German,,Whisper,German,3605.0,375.0
Layer 15,15,0.6507,,0.6812,LOLO_German,,Whisper,German,3605.0,375.0
Layer 16,16,0.9307,,0.9321,LOLO_German,,Whisper,German,3605.0,375.0
Layer 17,17,0.912,,0.9148,LOLO_German,,Whisper,German,3605.0,375.0
Layer 18,18,0.8907,,0.8964,LOLO_German,,Whisper,German,3605.0,375.0
Layer 19,19,0.7893,,0.8081,LOLO_German,,Whisper,German,3605.0,375.0
Layer 20,20,0.68,,0.7117,LOLO_German,,Whisper,German,3605.0,375.0
Layer 21,21,0.7067,,0.7312,LOLO_German,,Whisper,German,3605.0,375.0
Layer 22,22,0.6293,,0.6445,LOLO_German,,Whisper,German,3605.0,375.0
Layer 23,23,0.672,,0.6966,LOLO_German,,Whisper,German,3605.0,375.0
Layer 24,24,0.672,,0.6965,LOLO_German,,Whisper,German,3605.0,375.0
CNN,0,0.4244,,0.406,LOLO_Greek,,Whisper,Greek,3497.0,483.0
Layer 1,1,0.5259,,0.5209,LOLO_Greek,,Whisper,Greek,3497.0,483.0
Layer 2,2,0.4617,,0.4319,LOLO_Greek,,Whisper,Greek,3497.0,483.0
Layer 3,3,0.5424,,0.5336,LOLO_Greek,,Whisper,Greek,3497.0,483.0
Layer 4,4,0.5797,,0.5729,LOLO_Greek,,Whisper,Greek,3497.0,483.0
Layer 5,5,0.6128,,0.6138,LOLO_Greek,,Whisper,Greek,3497.0,483.0
Layer 6,6,0.6025,,0.5859,LOLO_Greek,,Whisper,Greek,3497.0,483.0
Layer 7,7,0.6687,,0.6637,LOLO_Greek,,Whisper,Greek,3497.0,483.0
Layer 8,8,0.6936,,0.6852,LOLO_Greek,,Whisper,Greek,3497.0,483.0
Layer 9,9,0.6418,,0.6041,LOLO_Greek,,Whisper,Greek,3497.0,483.0
Layer 10,10,0.6522,,0.6083,LOLO_Greek,,Whisper,Greek,3497.0,483.0
Layer 11,11,0.6522,,0.6206,LOLO_Greek,,Whisper,Greek,3497.0,483.0
Layer 12,12,0.6832,,0.6528,LOLO_Greek,,Whisper,Greek,3497.0,483.0
Layer 13,13,0.6066,,0.589,LOLO_Greek,,Whisper,Greek,3497.0,483.0
Layer 14,14,0.5714,,0.5256,LOLO_Greek,,Whisper,Greek,3497.0,483.0
Layer 15,15,0.6025,,0.5841,LOLO_Greek,,Whisper,Greek,3497.0,483.0
Layer 16,16,0.3685,,0.2982,LOLO_Greek,,Whisper,Greek,3497.0,483.0
Layer 17,17,0.4244,,0.2989,LOLO_Greek,,Whisper,Greek,3497.0,483.0
Layer 18,18,0.4348,,0.3081,LOLO_Greek,,Whisper,Greek,3497.0,483.0
Layer 19,19,0.354,,0.277,LOLO_Greek,,Whisper,Greek,3497.0,483.0
Layer 20,20,0.4969,,0.4111,LOLO_Greek,,Whisper,Greek,3497.0,483.0
Layer 21,21,0.4224,,0.3255,LOLO_Greek,,Whisper,Greek,3497.0,483.0
Layer 22,22,0.2733,,0.1439,LOLO_Greek,,Whisper,Greek,3497.0,483.0
Layer 23,23,0.5217,,0.4665,LOLO_Greek,,Whisper,Greek,3497.0,483.0
Layer 24,24,0.3975,,0.2871,LOLO_Greek,,Whisper,Greek,3497.0,483.0
CNN,0,0.309,,0.231,LOLO_Spanish,,Whisper,Spanish,3404.0,576.0
Layer 1,1,0.3247,,0.2583,LOLO_Spanish,,Whisper,Spanish,3404.0,576.0
Layer 2,2,0.3351,,0.267,LOLO_Spanish,,Whisper,Spanish,3404.0,576.0
Layer 3,3,0.3785,,0.3388,LOLO_Spanish,,Whisper,Spanish,3404.0,576.0
Layer 4,4,0.3993,,0.3643,LOLO_Spanish,,Whisper,Spanish,3404.0,576.0
Layer 5,5,0.4583,,0.424,LOLO_Spanish,,Whisper,Spanish,3404.0,576.0
Layer 6,6,0.5035,,0.4896,LOLO_Spanish,,Whisper,Spanish,3404.0,576.0
Layer 7,7,0.5,,0.4936,LOLO_Spanish,,Whisper,Spanish,3404.0,576.0
Layer 8,8,0.5069,,0.478,LOLO_Spanish,,Whisper,Spanish,3404.0,576.0
Layer 9,9,0.5139,,0.4782,LOLO_Spanish,,Whisper,Spanish,3404.0,576.0
Layer 10,10,0.5365,,0.5318,LOLO_Spanish,,Whisper,Spanish,3404.0,576.0
Layer 11,11,0.4774,,0.4572,LOLO_Spanish,,Whisper,Spanish,3404.0,576.0
Layer 12,12,0.5434,,0.537,LOLO_Spanish,,Whisper,Spanish,3404.0,576.0
Layer 13,13,0.5174,,0.5045,LOLO_Spanish,,Whisper,Spanish,3404.0,576.0
Layer 14,14,0.5208,,0.5145,LOLO_Spanish,,Whisper,Spanish,3404.0,576.0
Layer 15,15,0.4861,,0.4677,LOLO_Spanish,,Whisper,Spanish,3404.0,576.0
Layer 16,16,0.467,,0.4532,LOLO_Spanish,,Whisper,Spanish,3404.0,576.0
Layer 17,17,0.4601,,0.4393,LOLO_Spanish,,Whisper,Spanish,3404.0,576.0
Layer 18,18,0.3906,,0.3413,LOLO_Spanish,,Whisper,Spanish,3404.0,576.0
Layer 19,19,0.3889,,0.3215,LOLO_Spanish,,Whisper,Spanish,3404.0,576.0
Layer 20,20,0.4479,,0.3976,LOLO_Spanish,,Whisper,Spanish,3404.0,576.0
Layer 21,21,0.3472,,0.2838,LOLO_Spanish,,Whisper,Spanish,3404.0,576.0
Layer 22,22,0.3524,,0.2866,LOLO_Spanish,,Whisper,Spanish,3404.0,576.0
Layer 23,23,0.3368,,0.2517,LOLO_Spanish,,Whisper,Spanish,3404.0,576.0
Layer 24,24,0.3681,,0.2995,LOLO_Spanish,,Whisper,Spanish,3404.0,576.0
