Layer,Layer_Num,Accuracy,Weighted_F1,split,test_lang,n_train,n_test
CNN,0,0.3134,0.3135,LOLO_English,English,1434,2546
Layer 1,1,0.2722,0.253,LOLO_English,English,1434,2546
Layer 2,2,0.2396,0.2004,LOLO_English,English,1434,2546
Layer 3,3,0.2977,0.2928,LOLO_English,English,1434,2546
Layer 4,4,0.5232,0.5473,LOLO_English,English,1434,2546
Layer 5,5,0.5487,0.5797,LOLO_English,English,1434,2546
Layer 6,6,0.5456,0.564,LOLO_English,English,1434,2546
Layer 7,7,0.4564,0.4667,LOLO_English,English,1434,2546
Layer 8,8,0.5051,0.5244,LOLO_English,English,1434,2546
Layer 9,9,0.4458,0.4567,LOLO_English,English,1434,2546
Layer 10,10,0.5365,0.5558,LOLO_English,English,1434,2546
Layer 11,11,0.401,0.4041,LOLO_English,English,1434,2546
Layer 12,12,0.5082,0.5219,LOLO_English,English,1434,2546
Layer 13,13,0.5617,0.582,LOLO_English,English,1434,2546
Layer 14,14,0.4599,0.4849,LOLO_English,English,1434,2546
Layer 15,15,0.4933,0.5133,LOLO_English,English,1434,2546
Layer 16,16,0.5935,0.6179,LOLO_English,English,1434,2546
Layer 17,17,0.511,0.5317,LOLO_English,English,1434,2546
Layer 18,18,0.5043,0.5221,LOLO_English,English,1434,2546
Layer 19,19,0.4595,0.4686,LOLO_English,English,1434,2546
Layer 20,20,0.4175,0.4341,LOLO_English,English,1434,2546
Layer 21,21,0.4065,0.4159,LOLO_English,English,1434,2546
Layer 22,22,0.4061,0.4074,LOLO_English,English,1434,2546
Layer 23,23,0.3087,0.317,LOLO_English,English,1434,2546
Layer 24,24,0.2675,0.2728,LOLO_English,English,1434,2546
CNN,0,0.752,0.7417,LOLO_German,German,3605,375
Layer 1,1,0.688,0.688,LOLO_German,German,3605,375
Layer 2,2,0.6987,0.6955,LOLO_German,German,3605,375
Layer 3,3,0.8053,0.8032,LOLO_German,German,3605,375
Layer 4,4,0.816,0.8176,LOLO_German,German,3605,375
Layer 5,5,0.88,0.8792,LOLO_German,German,3605,375
Layer 6,6,0.8507,0.8474,LOLO_German,German,3605,375
Layer 7,7,0.8773,0.8695,LOLO_German,German,3605,375
Layer 8,8,0.864,0.8664,LOLO_German,German,3605,375
Layer 9,9,0.8827,0.8852,LOLO_German,German,3605,375
Layer 10,10,0.8107,0.8136,LOLO_German,German,3605,375
Layer 11,11,0.8507,0.853,LOLO_German,German,3605,375
Layer 12,12,0.856,0.8578,LOLO_German,German,3605,375
Layer 13,13,0.8293,0.8266,LOLO_German,German,3605,375
Layer 14,14,0.8267,0.8251,LOLO_German,German,3605,375
Layer 15,15,0.7973,0.8016,LOLO_German,German,3605,375
Layer 16,16,0.8453,0.846,LOLO_German,German,3605,375
Layer 17,17,0.7307,0.7469,LOLO_German,German,3605,375
Layer 18,18,0.816,0.8131,LOLO_German,German,3605,375
Layer 19,19,0.776,0.7726,LOLO_German,German,3605,375
Layer 20,20,0.7227,0.7267,LOLO_German,German,3605,375
Layer 21,21,0.672,0.6817,LOLO_German,German,3605,375
Layer 22,22,0.568,0.585,LOLO_German,German,3605,375
Layer 23,23,0.456,0.4693,LOLO_German,German,3605,375
Layer 24,24,0.3573,0.3718,LOLO_German,German,3605,375
CNN,0,0.5197,0.5066,LOLO_Greek,Greek,3497,483
Layer 1,1,0.5673,0.5557,LOLO_Greek,Greek,3497,483
Layer 2,2,0.5424,0.5175,LOLO_Greek,Greek,3497,483
Layer 3,3,0.619,0.6123,LOLO_Greek,Greek,3497,483
Layer 4,4,0.6066,0.6058,LOLO_Greek,Greek,3497,483
Layer 5,5,0.6418,0.6346,LOLO_Greek,Greek,3497,483
Layer 6,6,0.617,0.61,LOLO_Greek,Greek,3497,483
Layer 7,7,0.5238,0.5064,LOLO_Greek,Greek,3497,483
Layer 8,8,0.5921,0.5651,LOLO_Greek,Greek,3497,483
Layer 9,9,0.5507,0.53,LOLO_Greek,Greek,3497,483
Layer 10,10,0.5135,0.4921,LOLO_Greek,Greek,3497,483
Layer 11,11,0.5487,0.53,LOLO_Greek,Greek,3497,483
Layer 12,12,0.5114,0.4851,LOLO_Greek,Greek,3497,483
Layer 13,13,0.53,0.512,LOLO_Greek,Greek,3497,483
Layer 14,14,0.5197,0.5085,LOLO_Greek,Greek,3497,483
Layer 15,15,0.5404,0.5207,LOLO_Greek,Greek,3497,483
Layer 16,16,0.5321,0.4804,LOLO_Greek,Greek,3497,483
Layer 17,17,0.4762,0.4524,LOLO_Greek,Greek,3497,483
Layer 18,18,0.4224,0.3891,LOLO_Greek,Greek,3497,483
Layer 19,19,0.4555,0.4314,LOLO_Greek,Greek,3497,483
Layer 20,20,0.4286,0.3904,LOLO_Greek,Greek,3497,483
Layer 21,21,0.4306,0.4003,LOLO_Greek,Greek,3497,483
Layer 22,22,0.4327,0.4125,LOLO_Greek,Greek,3497,483
Layer 23,23,0.4265,0.4058,LOLO_Greek,Greek,3497,483
Layer 24,24,0.3126,0.2974,LOLO_Greek,Greek,3497,483
CNN,0,0.3924,0.3375,LOLO_Spanish,Spanish,3404,576
Layer 1,1,0.4028,0.3902,LOLO_Spanish,Spanish,3404,576
Layer 2,2,0.4028,0.3792,LOLO_Spanish,Spanish,3404,576
Layer 3,3,0.4288,0.4292,LOLO_Spanish,Spanish,3404,576
Layer 4,4,0.441,0.4359,LOLO_Spanish,Spanish,3404,576
Layer 5,5,0.4462,0.4451,LOLO_Spanish,Spanish,3404,576
Layer 6,6,0.5087,0.5131,LOLO_Spanish,Spanish,3404,576
Layer 7,7,0.5017,0.5082,LOLO_Spanish,Spanish,3404,576
Layer 8,8,0.4878,0.4912,LOLO_Spanish,Spanish,3404,576
Layer 9,9,0.5226,0.5274,LOLO_Spanish,Spanish,3404,576
Layer 10,10,0.4688,0.4665,LOLO_Spanish,Spanish,3404,576
Layer 11,11,0.5174,0.5075,LOLO_Spanish,Spanish,3404,576
Layer 12,12,0.5087,0.4968,LOLO_Spanish,Spanish,3404,576
Layer 13,13,0.4809,0.4579,LOLO_Spanish,Spanish,3404,576
Layer 14,14,0.4826,0.4758,LOLO_Spanish,Spanish,3404,576
Layer 15,15,0.4514,0.4447,LOLO_Spanish,Spanish,3404,576
Layer 16,16,0.4323,0.4261,LOLO_Spanish,Spanish,3404,576
Layer 17,17,0.4149,0.412,LOLO_Spanish,Spanish,3404,576
Layer 18,18,0.4045,0.4036,LOLO_Spanish,Spanish,3404,576
Layer 19,19,0.3802,0.374,LOLO_Spanish,Spanish,3404,576
Layer 20,20,0.3767,0.364,LOLO_Spanish,Spanish,3404,576
Layer 21,21,0.3854,0.3818,LOLO_Spanish,Spanish,3404,576
Layer 22,22,0.3559,0.3494,LOLO_Spanish,Spanish,3404,576
Layer 23,23,0.3455,0.3278,LOLO_Spanish,Spanish,3404,576
Layer 24,24,0.2847,0.2547,LOLO_Spanish,Spanish,3404,576
